ID_102049	Dem Chef hat der Bewerber behagt. Der war	Dem Chef hat der Bewerber behagt. Der war sehr gut qualifiziert.	Auf was bezieht sich das "Der" in dem Satz, den Sie ergänzt haben?	Auf "Bewerber"
ID_102625	Dem Polizisten hat der Autofahrer missfallen. Der war	Der war betrunken.	Auf was bezieht sich das "Der" in dem Satz, den Sie ergänzt haben?	Auf "Autofahrer"
ID_102397	Der Autor ist dem Leser aufgefallen. Dieser konnte	auf der Straße nicht mehr weit gehen.	Auf was bezieht sich das "Dieser" in dem Satz, den Sie ergänzt haben?	Auf "Leser"
ID_102277	Dem Lehrer ist der Schüler aufgefallen. Er hatte	Eine Tasche mit einer merkwürdigen Form.	Auf was bezieht sich das "Er" in dem Satz, den Sie ergänzt haben?	Auf "Schüler"
ID_103549	Der Ritter hat dem König imponiert. Dieser hat	Diesen	Auf was bezieht sich das "Dieser" in dem Satz, den Sie ergänzt haben?	Auf "König"
ID_103553	Der Ritter hat dem König imponiert. Dieser hat	Diesen	Auf was bezieht sich das "Dieser" in dem Satz, den Sie ergänzt haben?	Auf "König"
ID_102581	Der Künstler hat dem Zuschauer missfallen. Der ist	Der ist wütend auf den Künstler.	Auf was bezieht sich das "Der" in dem Satz, den Sie ergänzt haben?	Auf "Zuschauer"
ID_102801	Der Gärtner hat dem Butler missfallen. Er durfte	das Anwesen nicht verlassen.	Auf was bezieht sich das "Er" in dem Satz, den Sie ergänzt haben?	Auf "Butler"
ID_102845	Dem Hotelier hat der Tourist missfallen. Er war	Er war unhöflich.	Auf was bezieht sich das "Er" in dem Satz, den Sie ergänzt haben?	Auf "Tourist"
ID_102629	Dem Polizisten hat der Autofahrer missfallen. Der war	Der war betrunken.	Auf was bezieht sich das "Der" in dem Satz, den Sie ergänzt haben?	Auf "Autofahrer"
ID_102849	Dem Hotelier hat der Tourist missfallen. Er war	Er war unhöflich.	Auf was bezieht sich das "Er" in dem Satz, den Sie ergänzt haben?	Auf "Tourist"
ID_102569	Der Künstler hat dem Zuschauer missfallen. Der ist	Der ist wütend auf den Künstler.	Auf was bezieht sich das "Der" in dem Satz, den Sie ergänzt haben?	Auf "Zuschauer"
ID_103145	Der Pilger hat dem Papst gefallen. Der war	Der war ein guter Mensch.	Auf was bezieht sich das "Der" in dem Satz, den Sie ergänzt haben?	Auf "Papst"
ID_102269	Dem Lehrer ist der Schüler aufgefallen. Er hatte	Eine Tasche mit einer merkwürdigen Form.	Auf was bezieht sich das "Er" in dem Satz, den Sie ergänzt haben?	Auf "Schüler"
ID_102005	Der Musiker hat dem Zuhörer behagt. Der konnte	Der konnte die Musik genießen.	Auf was bezieht sich das "Der" in dem Satz, den Sie ergänzt haben?	Auf "Zuhörer"
ID_103557	Der Ritter hat dem König imponiert. Dieser hat	Diesen	Auf was bezieht sich das "Dieser" in dem Satz, den Sie ergänzt haben?	Auf "König"
ID_103421	Dem Patienten hat der Arzt imponiert. Er ist	Er ist ein erfahrener Fachmann.	Auf was bezieht sich das "Er" in dem Satz, den Sie ergänzt haben?	Auf "Arzt"
ID_102045	Dem Chef hat der Bewerber behagt. Der war	Dem Chef hat der Bewerber behagt. Der war sehr gut qualifiziert.	Auf was bezieht sich das "Der" in dem Satz, den Sie ergänzt haben?	Auf "Bewerber"
ID_102981	Der Sänger hat dem Zuhörer gefallen. Dieser ist		Auf was bezieht sich das "Dieser" in dem Satz, den Sie ergänzt haben?	
ID_102973	Der Sänger hat dem Zuhörer gefallen. Dieser ist		Auf was bezieht sich das "Dieser" in dem Satz, den Sie ergänzt haben?	
ID_103597	Dem Trainer hat der Fußballspieler imponiert. Dieser konnte	Dem Trainer hat der Fußballspieler imponiert. Dieser konnte das Spiel für seine Mannschaft entscheiden.	Auf was bezieht sich das "Dieser" in dem Satz, den Sie ergänzt haben?	Auf "Fußballer"
ID_101869	Dem Piloten hat der Reisende behagt. Dieser war	Dieser war mit dem Flugzeug gekommen.	Auf was bezieht sich das "Dieser" in dem Satz, den Sie ergänzt haben?	Auf "Reisenden"
ID_101693	Dem Dieb ist der Jogger entgangen. Er ist	Er ist dem Polizisten in die Arme gelaufen.	Auf was bezieht sich das "Er" in dem Satz, den Sie ergänzt haben?	Auf "Dieb"
ID_103157	Der Pilger hat dem Papst gefallen. Der war	Der war ein guter Mensch.	Auf was bezieht sich das "Der" in dem Satz, den Sie ergänzt haben?	Auf "Papst"
ID_103201	Dem Reiter hat der Schmied gefallen. Der konnte	Dem Reiter hat der Schmied gefallen. Der konnte das Schmieden nicht.	Auf was bezieht sich das "Der" in dem Satz, den Sie ergänzt haben?	Auf "Schmied"
ID_102221	Der Hirsch ist dem Jäger aufgefallen. Er wollte	Der Hirsch ist dem Jäger aufgefallen. Er wollte entkommen.	Auf was bezieht sich das "Er" in dem Satz, den Sie ergänzt haben?	Auf "Hirsch"
ID_101697	Dem Dieb ist der Jogger entgangen. Er ist	Er ist dem Polizisten in die Arme gelaufen.	Auf was bezieht sich das "Er" in dem Satz, den Sie ergänzt haben?	Auf "Dieb"
ID_101701	Dem Dieb ist der Jogger entgangen. Er ist	Er ist dem Polizisten in die Arme gelaufen.	Auf was bezieht sich das "Er" in dem Satz, den Sie ergänzt haben?	Auf "Dieb"
ID_101645	Der Eindringling ist dem Türsteher entgangen. Er hatte	Eine Waffe bei sich.	Auf was bezieht sich das "Er" in dem Satz, den Sie ergänzt haben?	Auf "Eindringling"
ID_101469	Dem Hund ist der Hase entgangen. Der ist	Der ist ihm zu schnell gewesen.	Auf was bezieht sich das "Der" in dem Satz, den Sie ergänzt haben?	Auf "Hase"
ID_103025	Dem Professor hat der Student gefallen. Dieser hatte	Dem Professor hat der Student gefallen. Dieser hatte einen interessanten Ansatz zur Lösung des Problems vorgeschlagen.	Auf was bezieht sich das "Dieser" in dem Satz, den Sie ergänzt haben?	Auf "Student"
ID_101649	Der Eindringling ist dem Türsteher entgangen. Er hatte	Eine Waffe bei sich.	Auf was bezieht sich das "Er" in dem Satz, den Sie ergänzt haben?	Auf "Eindringling"
ID_101993	Der Musiker hat dem Zuhörer behagt. Der konnte	Der konnte die Musik genießen.	Auf was bezieht sich das "Der" in dem Satz, den Sie ergänzt haben?	Auf "Zuhörer"
ID_101429	Der Bankräuber ist dem Polizisten entgangen. Der hat	Der hat seine Waffe verloren.	Auf was bezieht sich das "Der" in dem Satz, den Sie ergänzt haben?	Auf "Polizisten"
ID_103417	Dem Patienten hat der Arzt imponiert. Er ist	Er ist ein erfahrener Fachmann.	Auf was bezieht sich das "Er" in dem Satz, den Sie ergänzt haben?	Auf "Arzt"
ID_103149	Der Pilger hat dem Papst gefallen. Der war	Der war ein guter Mensch.	Auf was bezieht sich das "Der" in dem Satz, den Sie ergänzt haben?	Auf "Papst"
ID_103153	Der Pilger hat dem Papst gefallen. Der war	Der war ein guter Mensch.	Auf was bezieht sich das "Der" in dem Satz, den Sie ergänzt haben?	Auf "Papst"
ID_102001	Der Musiker hat dem Zuhörer behagt. Der konnte	Der konnte die Musik genießen.	Auf was bezieht sich das "Der" in dem Satz, den Sie ergänzt haben?	Auf "Zuhörer"
ID_102977	Der Sänger hat dem Zuhörer gefallen. Dieser ist		Auf was bezieht sich das "Dieser" in dem Satz, den Sie ergänzt haben?	
ID_102617	Dem Polizisten hat der Autofahrer missfallen. Der war	Der war betrunken.	Auf was bezieht sich das "Der" in dem Satz, den Sie ergänzt haben?	Auf "Autofahrer"
ID_103545	Der Ritter hat dem König imponiert. Dieser hat	Diesen	Auf was bezieht sich das "Dieser" in dem Satz, den Sie ergänzt haben?	Auf "König"
ID_101997	Der Musiker hat dem Zuhörer behagt. Der konnte	Der konnte die Musik genießen.	Auf was bezieht sich das "Der" in dem Satz, den Sie ergänzt haben?	Auf "Zuhörer"
ID_101421	Der Bankräuber ist dem Polizisten entgangen. Der hat	Der hat seine Waffe verloren.	Auf was bezieht sich das "Der" in dem Satz, den Sie ergänzt haben?	Auf "Polizisten"
ID_101873	Dem Piloten hat der Reisende behagt. Dieser war	Dieser war mit dem Flugzeug gekommen.	Auf was bezieht sich das "Dieser" in dem Satz, den Sie ergänzt haben?	Auf "Reisenden"
ID_102445	Dem Feuerwehrmann ist der Brandstifter aufgefallen. Dieser hatte	Dem Feuerwehrmann ist der Brandstifter aufgefallen. Dieser hatte das Haus angezündet.	Auf was bezieht sich das "Dieser" in dem Satz, den Sie ergänzt haben?	Auf "Brandstifter"
ID_102229	Der Hirsch ist dem Jäger aufgefallen. Er wollte	Der Hirsch ist dem Jäger aufgefallen. Er wollte entkommen.	Auf was bezieht sich das "Er" in dem Satz, den Sie ergänzt haben?	Auf "Hirsch"
ID_101653	Der Eindringling ist dem Türsteher entgangen. Er hatte	Eine Waffe bei sich.	Auf was bezieht sich das "Er" in dem Satz, den Sie ergänzt haben?	Auf "Eindringling"
ID_101689	Dem Dieb ist der Jogger entgangen. Er ist	Er ist dem Polizisten in die Arme gelaufen.	Auf was bezieht sich das "Er" in dem Satz, den Sie ergänzt haben?	Auf "Dieb"
ID_102401	Der Autor ist dem Leser aufgefallen. Dieser konnte	auf der Straße nicht mehr weit gehen.	Auf was bezieht sich das "Dieser" in dem Satz, den Sie ergänzt haben?	Auf "Leser"
ID_102805	Der Gärtner hat dem Butler missfallen. Er durfte	das Anwesen nicht verlassen.	Auf was bezieht sich das "Er" in dem Satz, den Sie ergänzt haben?	Auf "Butler"
ID_101641	Der Eindringling ist dem Türsteher entgangen. Er hatte	Eine Waffe bei sich.	Auf was bezieht sich das "Er" in dem Satz, den Sie ergänzt haben?	Auf "Eindringling"
ID_101829	Der Handwerker hat dem Kunden behagt. Dieser wollte		Auf was bezieht sich das "Dieser" in dem Satz, den Sie ergänzt haben?	Auf "Kunden"
ID_101877	Dem Piloten hat der Reisende behagt. Dieser war	Dieser war mit dem Flugzeug gekommen.	Auf was bezieht sich das "Dieser" in dem Satz, den Sie ergänzt haben?	Auf "Reisenden"
ID_102405	Der Autor ist dem Leser aufgefallen. Dieser konnte	auf der Straße nicht mehr weit gehen.	Auf was bezieht sich das "Dieser" in dem Satz, den Sie ergänzt haben?	Auf "Leser"
ID_103593	Dem Trainer hat der Fußballspieler imponiert. Dieser konnte	Dem Trainer hat der Fußballspieler imponiert. Dieser konnte das Spiel für seine Mannschaft entscheiden.	Auf was bezieht sich das "Dieser" in dem Satz, den Sie ergänzt haben?	Auf "Fußballer"
ID_102841	Dem Hotelier hat der Tourist missfallen. Er war	Er war unhöflich.	Auf was bezieht sich das "Er" in dem Satz, den Sie ergänzt haben?	Auf "Tourist"
ID_103601	Dem Trainer hat der Fußballspieler imponiert. Dieser konnte	Dem Trainer hat der Fußballspieler imponiert. Dieser konnte das Spiel für seine Mannschaft entscheiden.	Auf was bezieht sich das "Dieser" in dem Satz, den Sie ergänzt haben?	Auf "Fußballer"
ID_102797	Der Gärtner hat dem Butler missfallen. Er durfte	das Anwesen nicht verlassen.	Auf was bezieht sich das "Er" in dem Satz, den Sie ergänzt haben?	Auf "Butler"
ID_101425	Der Bankräuber ist dem Polizisten entgangen. Der hat	Der hat seine Waffe verloren.	Auf was bezieht sich das "Der" in dem Satz, den Sie ergänzt haben?	Auf "Polizisten"
ID_102453	Dem Feuerwehrmann ist der Brandstifter aufgefallen. Dieser hatte	Dem Feuerwehrmann ist der Brandstifter aufgefallen. Dieser hatte das Haus angezündet.	Auf was bezieht sich das "Dieser" in dem Satz, den Sie ergänzt haben?	Auf "Brandstifter"
ID_102225	Der Hirsch ist dem Jäger aufgefallen. Er wollte	Der Hirsch ist dem Jäger aufgefallen. Er wollte entkommen.	Auf was bezieht sich das "Er" in dem Satz, den Sie ergänzt haben?	Auf "Hirsch"
ID_102969	Der Sänger hat dem Zuhörer gefallen. Dieser ist		Auf was bezieht sich das "Dieser" in dem Satz, den Sie ergänzt haben?	
ID_101465	Dem Hund ist der Hase entgangen. Der ist	Der ist ihm zu schnell gewesen.	Auf was bezieht sich das "Der" in dem Satz, den Sie ergänzt haben?	Auf "Hase"
ID_101865	Dem Piloten hat der Reisende behagt. Dieser war	Dieser war mit dem Flugzeug gekommen.	Auf was bezieht sich das "Dieser" in dem Satz, den Sie ergänzt haben?	Auf "Reisenden"
ID_102449	Dem Feuerwehrmann ist der Brandstifter aufgefallen. Dieser hatte	Dem Feuerwehrmann ist der Brandstifter aufgefallen. Dieser hatte das Haus angezündet.	Auf was bezieht sich das "Dieser" in dem Satz, den Sie ergänzt haben?	Auf "Brandstifter"
ID_102053	Dem Chef hat der Bewerber behagt. Der war	Dem Chef hat der Bewerber behagt. Der war sehr gut qualifiziert.	Auf was bezieht sich das "Der" in dem Satz, den Sie ergänzt haben?	Auf "Bewerber"
ID_103205	Dem Reiter hat der Schmied gefallen. Der konnte	Dem Reiter hat der Schmied gefallen. Der konnte das Schmieden nicht.	Auf was bezieht sich das "Der" in dem Satz, den Sie ergänzt haben?	Auf "Schmied"
ID_101825	Der Handwerker hat dem Kunden behagt. Dieser wollte		Auf was bezieht sich das "Dieser" in dem Satz, den Sie ergänzt haben?	Auf "Kunden"
ID_102853	Dem Hotelier hat der Tourist missfallen. Er war	Er war unhöflich.	Auf was bezieht sich das "Er" in dem Satz, den Sie ergänzt haben?	Auf "Tourist"
ID_103021	Dem Professor hat der Student gefallen. Dieser hatte	Dem Professor hat der Student gefallen. Dieser hatte einen interessanten Ansatz zur Lösung des Problems vorgeschlagen.	Auf was bezieht sich das "Dieser" in dem Satz, den Sie ergänzt haben?	Auf "Student"
ID_102265	Dem Lehrer ist der Schüler aufgefallen. Er hatte	Eine Tasche mit einer merkwürdigen Form.	Auf was bezieht sich das "Er" in dem Satz, den Sie ergänzt haben?	Auf "Schüler"
ID_102041	Dem Chef hat der Bewerber behagt. Der war	Dem Chef hat der Bewerber behagt. Der war sehr gut qualifiziert.	Auf was bezieht sich das "Der" in dem Satz, den Sie ergänzt haben?	Auf "Bewerber"
ID_102621	Dem Polizisten hat der Autofahrer missfallen. Der war	Der war betrunken.	Auf was bezieht sich das "Der" in dem Satz, den Sie ergänzt haben?	Auf "Autofahrer"
ID_102273	Dem Lehrer ist der Schüler aufgefallen. Er hatte	Eine Tasche mit einer merkwürdigen Form.	Auf was bezieht sich das "Er" in dem Satz, den Sie ergänzt haben?	Auf "Schüler"
ID_101417	Der Bankräuber ist dem Polizisten entgangen. Der hat	Der hat seine Waffe verloren.	Auf was bezieht sich das "Der" in dem Satz, den Sie ergänzt haben?	Auf "Polizisten"
ID_103425	Dem Patienten hat der Arzt imponiert. Er ist	Er ist ein erfahrener Fachmann.	Auf was bezieht sich das "Er" in dem Satz, den Sie ergänzt haben?	Auf "Arzt"
ID_102393	Der Autor ist dem Leser aufgefallen. Dieser konnte	auf der Straße nicht mehr weit gehen.	Auf was bezieht sich das "Dieser" in dem Satz, den Sie ergänzt haben?	Auf "Leser"
ID_103381	Der Politiker hat dem Journalisten imponiert. Er wollte	Der Politiker hat dem Journalisten imponiert. Er wollte seine Meinung zu einem aktuellen Thema teilen.	Auf was bezieht sich das "Er" in dem Satz, den Sie ergänzt haben?	Auf "Politiker"
ID_101473	Dem Hund ist der Hase entgangen. Der ist	Der ist ihm zu schnell gewesen.	Auf was bezieht sich das "Der" in dem Satz, den Sie ergänzt haben?	Auf "Hase"
ID_103017	Dem Professor hat der Student gefallen. Dieser hatte	Dem Professor hat der Student gefallen. Dieser hatte einen interessanten Ansatz zur Lösung des Problems vorgeschlagen.	Auf was bezieht sich das "Dieser" in dem Satz, den Sie ergänzt haben?	Auf "Student"
ID_102577	Der Künstler hat dem Zuschauer missfallen. Der ist	Der ist wütend auf den Künstler.	Auf was bezieht sich das "Der" in dem Satz, den Sie ergänzt haben?	Auf "Zuschauer"
ID_102217	Der Hirsch ist dem Jäger aufgefallen. Er wollte	Der Hirsch ist dem Jäger aufgefallen. Er wollte entkommen.	Auf was bezieht sich das "Er" in dem Satz, den Sie ergänzt haben?	Auf "Hirsch"
ID_102573	Der Künstler hat dem Zuschauer missfallen. Der ist	Der ist wütend auf den Künstler.	Auf was bezieht sich das "Der" in dem Satz, den Sie ergänzt haben?	Auf "Zuschauer"
ID_103373	Der Politiker hat dem Journalisten imponiert. Er wollte	Der Politiker hat dem Journalisten imponiert. Er wollte seine Meinung zu einem aktuellen Thema teilen.	Auf was bezieht sich das "Er" in dem Satz, den Sie ergänzt haben?	Auf "Politiker"
ID_102441	Dem Feuerwehrmann ist der Brandstifter aufgefallen. Dieser hatte	Dem Feuerwehrmann ist der Brandstifter aufgefallen. Dieser hatte das Haus angezündet.	Auf was bezieht sich das "Dieser" in dem Satz, den Sie ergänzt haben?	Auf "Brandstifter"
ID_103029	Dem Professor hat der Student gefallen. Dieser hatte	Dem Professor hat der Student gefallen. Dieser hatte einen interessanten Ansatz zur Lösung des Problems vorgeschlagen.	Auf was bezieht sich das "Dieser" in dem Satz, den Sie ergänzt haben?	Auf "Student"
ID_103197	Dem Reiter hat der Schmied gefallen. Der konnte	Dem Reiter hat der Schmied gefallen. Der konnte das Schmieden nicht.	Auf was bezieht sich das "Der" in dem Satz, den Sie ergänzt haben?	Auf "Schmied"
ID_102793	Der Gärtner hat dem Butler missfallen. Er durfte	das Anwesen nicht verlassen.	Auf was bezieht sich das "Er" in dem Satz, den Sie ergänzt haben?	Auf "Butler"
ID_103377	Der Politiker hat dem Journalisten imponiert. Er wollte	Der Politiker hat dem Journalisten imponiert. Er wollte seine Meinung zu einem aktuellen Thema teilen.	Auf was bezieht sich das "Er" in dem Satz, den Sie ergänzt haben?	Auf "Politiker"
ID_103193	Dem Reiter hat der Schmied gefallen. Der konnte	Dem Reiter hat der Schmied gefallen. Der konnte das Schmieden nicht.	Auf was bezieht sich das "Der" in dem Satz, den Sie ergänzt haben?	Auf "Schmied"
ID_103369	Der Politiker hat dem Journalisten imponiert. Er wollte	Der Politiker hat dem Journalisten imponiert. Er wollte seine Meinung zu einem aktuellen Thema teilen.	Auf was bezieht sich das "Er" in dem Satz, den Sie ergänzt haben?	Auf "Politiker"
ID_103605	Dem Trainer hat der Fußballspieler imponiert. Dieser konnte	Dem Trainer hat der Fußballspieler imponiert. Dieser konnte das Spiel für seine Mannschaft entscheiden.	Auf was bezieht sich das "Dieser" in dem Satz, den Sie ergänzt haben?	Auf "Fußballer"
ID_101821	Der Handwerker hat dem Kunden behagt. Dieser wollte		Auf was bezieht sich das "Dieser" in dem Satz, den Sie ergänzt haben?	Auf "Kunden"
ID_101817	Der Handwerker hat dem Kunden behagt. Dieser wollte		Auf was bezieht sich das "Dieser" in dem Satz, den Sie ergänzt haben?	Auf "Kunden"
ID_103429	Dem Patienten hat der Arzt imponiert. Er ist	Er ist ein erfahrener Fachmann.	Auf was bezieht sich das "Er" in dem Satz, den Sie ergänzt haben?	Auf "Arzt"
ID_101477	Dem Hund ist der Hase entgangen. Der ist	Der ist ihm zu schnell gewesen.	Auf was bezieht sich das "Der" in dem Satz, den Sie ergänzt haben?	Auf "Hase"
